Time,Category,Price,ID,Fee,StrikePrice,FutPrice,Date,ProductCode,SettlementPrice,SettlementDate,DateTime
2024-02-01 04:05:00,C,7.0,TX118600B4,11.0,18600.0,17917.0,2024-02-01,202402W1,18632,2024-02-15,40500
2024-02-01 04:10:00,C,14.5,TX118450B4,12.0,18450.0,17910.0,2024-02-01,202402W1,18632,2024-02-15,41000
2024-02-01 04:10:00,C,14.5,TX118450B4,12.0,18450.0,17913.0,2024-02-01,202402W1,18632,2024-02-15,41000
2024-02-23 04:52:00,P,6.4,TX418500N4,11.0,18500.0,18994.0,2024-02-23,202402W4,18993,2024-02-29,45200
2024-03-09 04:46:00,P,3.3,TX218850O4,11.0,18850.0,19744.0,2024-03-09,202403W2,19931,2024-03-13,44600
2024-03-13 04:45:00,P,0.4,TX219300O4,11.0,19300.0,19993.0,2024-03-13,202403W2,19931,2024-03-13,44500
2024-04-17 04:05:00,C,0.7,TXO20450D4,11.0,20450.0,19927.0,2024-04-17,202404,20238,2024-04-17,40500
2024-04-17 04:11:00,C,0.7,TXO20450D4,11.0,20450.0,19926.0,2024-04-17,202404,20238,2024-04-17,41100
2024-04-17 04:36:00,C,0.7,TXO20450D4,11.0,20450.0,19930.0,2024-04-17,202404,20238,2024-04-17,43600
2024-04-17 04:39:00,C,0.7,TXO20450D4,11.0,20450.0,19929.0,2024-04-17,202404,20238,2024-04-17,43900
2024-04-17 04:43:00,C,0.7,TXO20450D4,11.0,20450.0,19931.0,2024-04-17,202404,20238,2024-04-17,44300
2024-04-17 04:44:00,C,0.7,TXO20450D4,11.0,20450.0,19930.0,2024-04-17,202404,20238,2024-04-17,44400
2024-04-17 04:46:00,C,0.6,TXO20450D4,11.0,20450.0,19930.0,2024-04-17,202404,20238,2024-04-17,44600
2024-06-26 04:27:00,P,1.5,TX422300R4,11.0,22300.0,22810.0,2024-06-26,202406W4,22965,2024-06-26,42700
2024-07-24 04:40:00,C,5.8,TX423250G4,11.0,23250.0,22714.0,2024-07-24,202407W4,22069,2024-07-26,44000
2024-07-24 04:40:00,C,2.7,TX423350G4,11.0,23350.0,22711.0,2024-07-24,202407W4,22069,2024-07-26,44000
2024-07-24 04:40:00,C,4.0,TX423300G4,11.0,23300.0,22711.0,2024-07-24,202407W4,22069,2024-07-26,44000
2024-07-24 04:41:00,C,4.0,TX423300G4,11.0,23300.0,22698.0,2024-07-24,202407W4,22069,2024-07-26,44100
2024-07-24 04:41:00,C,4.0,TX423300G4,11.0,23300.0,22700.0,2024-07-24,202407W4,22069,2024-07-26,44100
2024-07-24 04:41:00,C,4.0,TX423300G4,11.0,23300.0,22700.0,2024-07-24,202407W4,22069,2024-07-26,44100
2024-07-24 04:41:00,C,1.5,TX423400G4,11.0,23400.0,22697.0,2024-07-24,202407W4,22069,2024-07-26,44100
2024-07-24 04:41:00,C,1.5,TX423400G4,11.0,23400.0,22697.0,2024-07-24,202407W4,22069,2024-07-26,44100
2024-07-24 04:41:00,C,1.0,TX423450G4,10.66666667,23450.0,22696.0,2024-07-24,202407W4,22069,2024-07-26,44100
2024-07-24 04:41:00,C,1.0,TX423450G4,10.66666667,23450.0,22696.0,2024-07-24,202407W4,22069,2024-07-26,44100
2024-07-24 04:41:00,C,1.0,TX423450G4,10.66666667,23450.0,22696.0,2024-07-24,202407W4,22069,2024-07-26,44100
2024-07-24 04:41:00,C,5.6,TX423250G4,11.0,23250.0,22701.0,2024-07-24,202407W4,22069,2024-07-26,44100
2024-07-24 04:41:00,C,5.6,TX423250G4,11.0,23250.0,22701.0,2024-07-24,202407W4,22069,2024-07-26,44100
2024-07-24 04:41:00,C,5.6,TX423250G4,11.0,23250.0,22701.0,2024-07-24,202407W4,22069,2024-07-26,44100
2024-07-30 04:31:00,P,51.0,TX521600S4,13.5,21600.0,22034.0,2024-07-30,202407W5,22239,2024-07-31,43100
2024-07-30 04:31:00,P,51.0,TX521600S4,13.5,21600.0,22034.0,2024-07-30,202407W5,22239,2024-07-31,43100
2024-07-30 04:31:00,P,26.5,TX521400S4,12.0,21400.0,22033.0,2024-07-30,202407W5,22239,2024-07-31,43100
2024-07-30 04:31:00,P,26.0,TX521400S4,12.0,21400.0,22033.0,2024-07-30,202407W5,22239,2024-07-31,43100
2024-08-01 04:05:00,C,82.0,TX123100H4,15.0,23100.0,22642.0,2024-08-01,202408W1,21239,2024-08-07,40500
2024-08-02 04:00:00,P,149.0,TX121800T4,18.0,21800.0,22126.0,2024-08-02,202408W1,21239,2024-08-07,40000
2024-08-02 04:00:00,P,149.0,TX121800T4,18.0,21800.0,22131.0,2024-08-02,202408W1,21239,2024-08-07,40000
2024-08-02 04:01:00,P,121.0,TX121700T4,17.0,21700.0,22126.0,2024-08-02,202408W1,21239,2024-08-07,40100
2024-08-02 04:01:00,P,141.0,TX121800T4,18.0,21800.0,22167.0,2024-08-02,202408W1,21239,2024-08-07,40100
2024-08-02 04:01:00,P,91.0,TX121600T4,16.0,21600.0,22157.0,2024-08-02,202408W1,21239,2024-08-07,40100
2024-08-02 04:01:00,P,134.0,TX121750T4,18.0,21750.0,22156.0,2024-08-02,202408W1,21239,2024-08-07,40100
2024-08-02 04:01:00,P,104.0,TX121650T4,16.0,21650.0,22156.0,2024-08-02,202408W1,21239,2024-08-07,40100
2024-08-02 04:06:00,P,82.0,TX121550T4,15.0,21550.0,22137.0,2024-08-02,202408W1,21239,2024-08-07,40600
2024-08-02 04:32:00,P,93.0,TX121550T4,16.0,21550.0,22141.0,2024-08-02,202408W1,21239,2024-08-07,43200
2024-08-02 04:32:00,P,142.0,TX121750T4,18.0,21750.0,22141.0,2024-08-02,202408W1,21239,2024-08-07,43200
2024-08-02 04:32:00,P,127.0,TX121700T4,17.0,21700.0,22139.0,2024-08-02,202408W1,21239,2024-08-07,43200
2024-08-02 04:32:00,P,102.0,TX121600T4,16.0,21600.0,22138.0,2024-08-02,202408W1,21239,2024-08-07,43200
2024-08-02 04:32:00,P,114.0,TX121650T4,17.0,21650.0,22136.0,2024-08-02,202408W1,21239,2024-08-07,43200
2024-08-02 04:32:00,P,93.0,TX121550T4,16.0,21550.0,22132.0,2024-08-02,202408W1,21239,2024-08-07,43200
2024-08-03 04:11:00,C,41.5,TX121800H4,13.0,21800.0,21238.0,2024-08-03,202408W1,21239,2024-08-07,41100
2024-08-03 04:12:00,C,23.0,TX121950H4,12.0,21950.0,21237.0,2024-08-03,202408W1,21239,2024-08-07,41200
2024-08-03 04:12:00,C,35.0,TX121850H4,13.0,21850.0,21239.0,2024-08-03,202408W1,21239,2024-08-07,41200
2024-08-03 04:46:00,C,23.5,TX121950H4,12.0,21950.0,21202.0,2024-08-03,202408W1,21239,2024-08-07,44600
2024-08-03 04:47:00,C,23.0,TX121950H4,12.0,21950.0,21198.0,2024-08-03,202408W1,21239,2024-08-07,44700
2024-08-07 04:26:00,C,18.5,TX121000H4,12.0,21000.0,20433.0,2024-08-07,202408W1,21239,2024-08-07,42600
2024-08-07 04:28:00,C,17.5,TX121000H4,12.0,21000.0,20435.0,2024-08-07,202408W1,21239,2024-08-07,42800
2024-08-07 04:28:00,C,18.5,TX121000H4,12.0,21000.0,20434.0,2024-08-07,202408W1,21239,2024-08-07,42800
2024-08-08 04:11:00,C,250.0,TX221300H4,23.0,21300.0,20787.0,2024-08-08,202408W2,22019,2024-08-14,41100
2024-08-08 04:36:00,C,210.0,TX221400H4,21.0,21400.0,20773.0,2024-08-08,202408W2,22019,2024-08-14,43600
2024-08-08 04:36:00,C,203.0,TX221400H4,21.0,21400.0,20773.0,2024-08-08,202408W2,22019,2024-08-14,43600
2024-08-09 04:39:00,C,258.0,TX221550H4,24.0,21550.0,21420.0,2024-08-09,202408W2,22019,2024-08-14,43900
2024-08-10 04:19:00,C,97.0,TX222000H4,16.0,22000.0,21595.0,2024-08-10,202408W2,22019,2024-08-14,41900
2024-08-10 04:19:00,C,97.0,TX222000H4,16.0,22000.0,21597.0,2024-08-10,202408W2,22019,2024-08-14,41900
2024-08-29 04:31:00,P,140.0,TX121800U4,18.0,21800.0,22207.0,2024-08-29,202409W1,21119,2024-09-04,43100
2024-08-29 04:31:00,P,134.0,TX121800U4,18.0,21800.0,22207.0,2024-08-29,202409W1,21119,2024-09-04,43100
2024-08-31 04:42:00,C,9.0,TX122900I4,11.0,22900.0,22301.0,2024-08-31,202409W1,21119,2024-09-04,44200
2024-08-31 04:42:00,C,8.9,TX122900I4,11.0,22900.0,22301.0,2024-08-31,202409W1,21119,2024-09-04,44200
2024-09-04 04:25:00,C,1.2,TX122200I4,11.0,22200.0,21408.0,2024-09-04,202409W1,21119,2024-09-04,42500
2024-09-04 04:38:00,C,0.9,TX122350I4,11.0,22350.0,21377.0,2024-09-04,202409W1,21119,2024-09-04,43800
2024-09-07 04:17:00,C,42.5,TX221300I4,13.0,21300.0,20610.0,2024-09-07,202409W2,21098,2024-09-11,41700
2024-09-07 04:24:00,C,36.0,TX221350I4,13.0,21350.0,20579.0,2024-09-07,202409W2,21098,2024-09-11,42400
2024-09-07 04:24:00,C,31.5,TX221350I4,13.0,21350.0,20579.0,2024-09-07,202409W2,21098,2024-09-11,42400
2024-09-07 04:46:00,C,32.5,TX221350I4,13.0,21350.0,20572.0,2024-09-07,202409W2,21098,2024-09-11,44600
2024-09-12 04:01:00,C,26.0,TXO22200I4,12.0,22200.0,21546.0,2024-09-12,202409,21619,2024-09-18,40100
2024-09-12 04:02:00,C,49.5,TXO22000I4,13.0,22000.0,21544.0,2024-09-12,202409,21619,2024-09-18,40200
2024-09-12 04:02:00,C,47.5,TXO22000I4,13.0,22000.0,21544.0,2024-09-12,202409,21619,2024-09-18,40200
2024-09-12 04:03:00,C,47.5,TXO22000I4,13.0,22000.0,21543.0,2024-09-12,202409,21619,2024-09-18,40300
2024-09-12 04:05:00,C,45.5,TXO22000I4,13.0,22000.0,21543.0,2024-09-12,202409,21619,2024-09-18,40500
2024-09-12 04:05:00,C,46.0,TXO22000I4,13.5,22000.0,21549.0,2024-09-12,202409,21619,2024-09-18,40500
2024-09-12 04:05:00,C,46.0,TXO22000I4,13.5,22000.0,21547.0,2024-09-12,202409,21619,2024-09-18,40500
2024-09-12 04:05:00,C,46.0,TXO22000I4,13.5,22000.0,21548.0,2024-09-12,202409,21619,2024-09-18,40500
2024-09-12 04:05:00,C,46.0,TXO22000I4,13.5,22000.0,21548.0,2024-09-12,202409,21619,2024-09-18,40500
2024-09-12 04:05:00,C,45.5,TXO22000I4,13.0,22000.0,21548.0,2024-09-12,202409,21619,2024-09-18,40500
2024-09-12 04:05:00,C,45.0,TXO22000I4,13.0,22000.0,21543.0,2024-09-12,202409,21619,2024-09-18,40500
2024-09-12 04:05:00,C,45.0,TXO22000I4,13.0,22000.0,21540.0,2024-09-12,202409,21619,2024-09-18,40500
2024-09-12 04:05:00,C,45.0,TXO22000I4,13.0,22000.0,21539.0,2024-09-12,202409,21619,2024-09-18,40500
2024-09-12 04:05:00,C,44.5,TXO22000I4,13.0,22000.0,21535.0,2024-09-12,202409,21619,2024-09-18,40500
2024-09-12 04:06:00,C,43.0,TXO22000I4,13.0,22000.0,21539.0,2024-09-12,202409,21619,2024-09-18,40600
2024-09-12 04:06:00,C,43.0,TXO22000I4,13.0,22000.0,21538.0,2024-09-12,202409,21619,2024-09-18,40600
2024-09-12 04:07:00,C,45.0,TXO22000I4,13.0,22000.0,21543.0,2024-09-12,202409,21619,2024-09-18,40700
2024-09-12 04:07:00,C,41.5,TXO22000I4,13.0,22000.0,21542.0,2024-09-12,202409,21619,2024-09-18,40700
2024-09-12 04:07:00,C,41.5,TXO22000I4,13.0,22000.0,21542.0,2024-09-12,202409,21619,2024-09-18,40700
2024-09-12 04:07:00,C,42.5,TXO22000I4,13.0,22000.0,21542.0,2024-09-12,202409,21619,2024-09-18,40700
2024-09-12 04:08:00,C,41.5,TXO22000I4,13.0,22000.0,21542.0,2024-09-12,202409,21619,2024-09-18,40800
2024-09-12 04:08:00,C,41.0,TXO22000I4,13.0,22000.0,21543.0,2024-09-12,202409,21619,2024-09-18,40800
2024-09-12 04:08:00,C,40.5,TXO22000I4,13.0,22000.0,21544.0,2024-09-12,202409,21619,2024-09-18,40800
2024-09-12 04:08:00,C,41.0,TXO22000I4,13.0,22000.0,21545.0,2024-09-12,202409,21619,2024-09-18,40800
2024-09-12 04:08:00,C,41.0,TXO22000I4,13.0,22000.0,21542.0,2024-09-12,202409,21619,2024-09-18,40800
2024-09-12 04:08:00,C,41.0,TXO22000I4,13.0,22000.0,21542.0,2024-09-12,202409,21619,2024-09-18,40800
2024-09-12 04:08:00,C,41.0,TXO22000I4,13.0,22000.0,21545.0,2024-09-12,202409,21619,2024-09-18,40800
2024-09-12 04:08:00,C,41.0,TXO22000I4,13.0,22000.0,21545.0,2024-09-12,202409,21619,2024-09-18,40800
2024-09-12 04:08:00,C,42.0,TXO22000I4,13.0,22000.0,21545.0,2024-09-12,202409,21619,2024-09-18,40800
2024-09-12 04:08:00,C,41.0,TXO22000I4,13.0,22000.0,21545.0,2024-09-12,202409,21619,2024-09-18,40800
2024-09-12 04:09:00,C,42.0,TXO22000I4,13.0,22000.0,21546.0,2024-09-12,202409,21619,2024-09-18,40900
2024-09-12 04:09:00,C,42.0,TXO22000I4,13.0,22000.0,21545.0,2024-09-12,202409,21619,2024-09-18,40900
2024-09-12 04:09:00,C,42.0,TXO22000I4,13.0,22000.0,21545.0,2024-09-12,202409,21619,2024-09-18,40900
2024-09-12 04:09:00,C,41.5,TXO22000I4,13.0,22000.0,21545.0,2024-09-12,202409,21619,2024-09-18,40900
2024-09-12 04:10:00,C,41.5,TXO22000I4,13.0,22000.0,21546.0,2024-09-12,202409,21619,2024-09-18,41000
2024-09-12 04:10:00,C,41.5,TXO22000I4,13.0,22000.0,21545.0,2024-09-12,202409,21619,2024-09-18,41000
2024-09-12 04:10:00,C,41.5,TXO22000I4,13.0,22000.0,21546.0,2024-09-12,202409,21619,2024-09-18,41000
2024-09-12 04:10:00,C,41.5,TXO22000I4,13.0,22000.0,21554.0,2024-09-12,202409,21619,2024-09-18,41000
2024-09-12 04:10:00,C,41.5,TXO22000I4,13.0,22000.0,21554.0,2024-09-12,202409,21619,2024-09-18,41000
2024-09-12 04:11:00,C,41.5,TXO22000I4,13.0,22000.0,21553.0,2024-09-12,202409,21619,2024-09-18,41100
2024-09-12 04:11:00,C,41.5,TXO22000I4,13.0,22000.0,21553.0,2024-09-12,202409,21619,2024-09-18,41100
2024-09-12 04:13:00,C,44.5,TXO22000I4,13.0,22000.0,21554.0,2024-09-12,202409,21619,2024-09-18,41300
2024-09-12 04:13:00,C,44.5,TXO22000I4,13.0,22000.0,21548.0,2024-09-12,202409,21619,2024-09-18,41300
2024-09-12 04:13:00,C,44.5,TXO22000I4,13.0,22000.0,21548.0,2024-09-12,202409,21619,2024-09-18,41300
2024-09-12 04:13:00,C,44.5,TXO22000I4,13.0,22000.0,21548.0,2024-09-12,202409,21619,2024-09-18,41300
2024-09-12 04:13:00,C,44.5,TXO22000I4,13.0,22000.0,21548.0,2024-09-12,202409,21619,2024-09-18,41300
2024-09-12 04:13:00,C,44.5,TXO22000I4,13.0,22000.0,21545.0,2024-09-12,202409,21619,2024-09-18,41300
2024-09-12 04:13:00,C,44.5,TXO22000I4,13.0,22000.0,21545.0,2024-09-12,202409,21619,2024-09-18,41300
2024-09-12 04:13:00,C,44.5,TXO22000I4,13.0,22000.0,21545.0,2024-09-12,202409,21619,2024-09-18,41300
2024-09-12 04:13:00,C,45.0,TXO22000I4,13.0,22000.0,21545.0,2024-09-12,202409,21619,2024-09-18,41300
2024-09-12 04:14:00,C,42.5,TXO22000I4,12.66666667,22000.0,21545.0,2024-09-12,202409,21619,2024-09-18,41400
2024-09-12 04:14:00,C,42.5,TXO22000I4,12.66666667,22000.0,21540.0,2024-09-12,202409,21619,2024-09-18,41400
2024-09-12 04:14:00,C,42.5,TXO22000I4,12.66666667,22000.0,21541.0,2024-09-12,202409,21619,2024-09-18,41400
2024-09-12 04:14:00,C,42.5,TXO22000I4,13.0,22000.0,21541.0,2024-09-12,202409,21619,2024-09-18,41400
2024-09-12 04:14:00,C,42.5,TXO22000I4,13.0,22000.0,21542.0,2024-09-12,202409,21619,2024-09-18,41400
2024-09-12 04:14:00,C,42.0,TXO22000I4,13.0,22000.0,21542.0,2024-09-12,202409,21619,2024-09-18,41400
2024-09-12 04:14:00,C,42.0,TXO22000I4,13.0,22000.0,21542.0,2024-09-12,202409,21619,2024-09-18,41400
2024-09-12 04:14:00,C,42.0,TXO22000I4,13.0,22000.0,21545.0,2024-09-12,202409,21619,2024-09-18,41400
2024-09-12 04:14:00,C,42.0,TXO22000I4,13.0,22000.0,21545.0,2024-09-12,202409,21619,2024-09-18,41400
2024-09-12 04:14:00,C,41.5,TXO22000I4,13.0,22000.0,21545.0,2024-09-12,202409,21619,2024-09-18,41400
2024-09-12 04:14:00,C,41.5,TXO22000I4,13.0,22000.0,21546.0,2024-09-12,202409,21619,2024-09-18,41400
2024-09-12 04:14:00,C,42.5,TXO22000I4,13.0,22000.0,21546.0,2024-09-12,202409,21619,2024-09-18,41400
2024-09-12 04:14:00,C,42.5,TXO22000I4,13.0,22000.0,21540.0,2024-09-12,202409,21619,2024-09-18,41400
2024-09-12 04:14:00,C,42.5,TXO22000I4,13.0,22000.0,21542.0,2024-09-12,202409,21619,2024-09-18,41400
2024-09-12 04:14:00,C,42.5,TXO22000I4,13.0,22000.0,21545.0,2024-09-12,202409,21619,2024-09-18,41400
2024-09-12 04:14:00,C,42.5,TXO22000I4,13.0,22000.0,21542.0,2024-09-12,202409,21619,2024-09-18,41400
2024-09-12 04:15:00,C,41.5,TXO22000I4,13.0,22000.0,21543.0,2024-09-12,202409,21619,2024-09-18,41500
2024-09-12 04:16:00,C,42.5,TXO22000I4,13.0,22000.0,21541.0,2024-09-12,202409,21619,2024-09-18,41600
2024-09-12 04:16:00,C,41.0,TXO22000I4,13.0,22000.0,21541.0,2024-09-12,202409,21619,2024-09-18,41600
2024-09-12 04:16:00,C,41.0,TXO22000I4,13.0,22000.0,21544.0,2024-09-12,202409,21619,2024-09-18,41600
2024-09-12 04:17:00,C,42.0,TXO22000I4,13.0,22000.0,21544.0,2024-09-12,202409,21619,2024-09-18,41700
2024-09-12 04:17:00,C,41.5,TXO22000I4,13.0,22000.0,21544.0,2024-09-12,202409,21619,2024-09-18,41700
2024-09-12 04:17:00,C,41.5,TXO22000I4,13.0,22000.0,21541.0,2024-09-12,202409,21619,2024-09-18,41700
2024-09-12 04:17:00,C,41.5,TXO22000I4,13.0,22000.0,21541.0,2024-09-12,202409,21619,2024-09-18,41700
2024-09-12 04:17:00,C,41.5,TXO22000I4,13.0,22000.0,21541.0,2024-09-12,202409,21619,2024-09-18,41700
2024-09-12 04:17:00,C,41.5,TXO22000I4,13.0,22000.0,21540.0,2024-09-12,202409,21619,2024-09-18,41700
2024-09-12 04:17:00,C,41.5,TXO22000I4,13.0,22000.0,21544.0,2024-09-12,202409,21619,2024-09-18,41700
2024-09-12 04:17:00,C,41.5,TXO22000I4,13.0,22000.0,21544.0,2024-09-12,202409,21619,2024-09-18,41700
2024-09-12 04:17:00,C,42.5,TXO22000I4,13.0,22000.0,21544.0,2024-09-12,202409,21619,2024-09-18,41700
2024-09-12 04:17:00,C,42.0,TXO22000I4,13.0,22000.0,21544.0,2024-09-12,202409,21619,2024-09-18,41700
2024-09-12 04:18:00,C,41.5,TXO22000I4,12.66666667,22000.0,21544.0,2024-09-12,202409,21619,2024-09-18,41800
2024-09-12 04:18:00,C,41.5,TXO22000I4,12.66666667,22000.0,21545.0,2024-09-12,202409,21619,2024-09-18,41800
2024-09-12 04:18:00,C,41.5,TXO22000I4,12.66666667,22000.0,21546.0,2024-09-12,202409,21619,2024-09-18,41800
2024-09-12 04:18:00,C,42.0,TXO22000I4,13.0,22000.0,21549.0,2024-09-12,202409,21619,2024-09-18,41800
2024-09-12 04:18:00,C,42.5,TXO22000I4,13.0,22000.0,21550.0,2024-09-12,202409,21619,2024-09-18,41800
2024-09-12 04:18:00,C,41.5,TXO22000I4,13.0,22000.0,21550.0,2024-09-12,202409,21619,2024-09-18,41800
2024-09-12 04:18:00,C,41.5,TXO22000I4,13.0,22000.0,21550.0,2024-09-12,202409,21619,2024-09-18,41800
2024-09-12 04:18:00,C,41.5,TXO22000I4,13.0,22000.0,21550.0,2024-09-12,202409,21619,2024-09-18,41800
2024-09-12 04:19:00,C,41.5,TXO22000I4,13.0,22000.0,21551.0,2024-09-12,202409,21619,2024-09-18,41900
2024-09-12 04:19:00,C,41.5,TXO22000I4,13.0,22000.0,21551.0,2024-09-12,202409,21619,2024-09-18,41900
2024-09-12 04:19:00,C,41.5,TXO22000I4,12.75,22000.0,21550.0,2024-09-12,202409,21619,2024-09-18,41900
2024-09-12 04:19:00,C,41.5,TXO22000I4,12.75,22000.0,21550.0,2024-09-12,202409,21619,2024-09-18,41900
2024-09-12 04:19:00,C,41.5,TXO22000I4,12.75,22000.0,21551.0,2024-09-12,202409,21619,2024-09-18,41900
2024-09-12 04:19:00,C,41.5,TXO22000I4,12.75,22000.0,21552.0,2024-09-12,202409,21619,2024-09-18,41900
2024-09-12 04:20:00,C,41.5,TXO22000I4,13.0,22000.0,21552.0,2024-09-12,202409,21619,2024-09-18,42000
2024-09-12 04:20:00,C,41.5,TXO22000I4,13.0,22000.0,21552.0,2024-09-12,202409,21619,2024-09-18,42000
2024-09-12 04:20:00,C,41.5,TXO22000I4,13.0,22000.0,21548.0,2024-09-12,202409,21619,2024-09-18,42000
2024-09-12 04:20:00,C,41.5,TXO22000I4,13.0,22000.0,21548.0,2024-09-12,202409,21619,2024-09-18,42000
2024-09-12 04:20:00,C,41.5,TXO22000I4,13.0,22000.0,21548.0,2024-09-12,202409,21619,2024-09-18,42000
2024-09-12 04:20:00,C,41.5,TXO22000I4,13.0,22000.0,21548.0,2024-09-12,202409,21619,2024-09-18,42000
2024-09-12 04:20:00,C,41.5,TXO22000I4,13.0,22000.0,21548.0,2024-09-12,202409,21619,2024-09-18,42000
2024-09-12 04:21:00,C,41.5,TXO22000I4,13.0,22000.0,21551.0,2024-09-12,202409,21619,2024-09-18,42100
2024-09-12 04:21:00,C,41.5,TXO22000I4,13.0,22000.0,21551.0,2024-09-12,202409,21619,2024-09-18,42100
2024-09-12 04:21:00,C,41.5,TXO22000I4,13.0,22000.0,21550.0,2024-09-12,202409,21619,2024-09-18,42100
2024-09-12 04:22:00,C,41.5,TXO22000I4,13.0,22000.0,21550.0,2024-09-12,202409,21619,2024-09-18,42200
2024-09-12 04:22:00,C,41.5,TXO22000I4,13.0,22000.0,21551.0,2024-09-12,202409,21619,2024-09-18,42200
2024-09-12 04:22:00,C,41.5,TXO22000I4,13.0,22000.0,21551.0,2024-09-12,202409,21619,2024-09-18,42200
2024-09-12 04:22:00,C,41.5,TXO22000I4,13.0,22000.0,21551.0,2024-09-12,202409,21619,2024-09-18,42200
2024-09-12 04:22:00,C,41.5,TXO22000I4,13.0,22000.0,21551.0,2024-09-12,202409,21619,2024-09-18,42200
2024-09-12 04:22:00,C,41.5,TXO22000I4,13.0,22000.0,21551.0,2024-09-12,202409,21619,2024-09-18,42200
2024-09-12 04:22:00,C,41.5,TXO22000I4,13.0,22000.0,21551.0,2024-09-12,202409,21619,2024-09-18,42200
2024-09-12 04:22:00,C,42.5,TXO22000I4,13.0,22000.0,21550.0,2024-09-12,202409,21619,2024-09-18,42200
2024-09-12 04:22:00,C,41.5,TXO22000I4,12.66666667,22000.0,21546.0,2024-09-12,202409,21619,2024-09-18,42200
2024-09-12 04:22:00,C,41.5,TXO22000I4,12.66666667,22000.0,21546.0,2024-09-12,202409,21619,2024-09-18,42200
2024-09-12 04:22:00,C,41.5,TXO22000I4,12.66666667,22000.0,21546.0,2024-09-12,202409,21619,2024-09-18,42200
2024-09-12 04:22:00,C,41.5,TXO22000I4,13.0,22000.0,21546.0,2024-09-12,202409,21619,2024-09-18,42200
2024-09-12 04:22:00,C,41.5,TXO22000I4,13.0,22000.0,21545.0,2024-09-12,202409,21619,2024-09-18,42200
2024-09-12 04:22:00,C,41.5,TXO22000I4,12.66666667,22000.0,21545.0,2024-09-12,202409,21619,2024-09-18,42200
2024-09-12 04:22:00,C,41.5,TXO22000I4,12.66666667,22000.0,21545.0,2024-09-12,202409,21619,2024-09-18,42200
2024-09-12 04:22:00,C,41.5,TXO22000I4,12.66666667,22000.0,21546.0,2024-09-12,202409,21619,2024-09-18,42200
2024-09-12 04:23:00,C,41.5,TXO22000I4,13.0,22000.0,21546.0,2024-09-12,202409,21619,2024-09-18,42300
2024-09-12 04:23:00,C,41.5,TXO22000I4,12.66666667,22000.0,21546.0,2024-09-12,202409,21619,2024-09-18,42300
2024-09-12 04:23:00,C,41.5,TXO22000I4,12.66666667,22000.0,21546.0,2024-09-12,202409,21619,2024-09-18,42300
2024-09-12 04:23:00,C,41.5,TXO22000I4,12.66666667,22000.0,21546.0,2024-09-12,202409,21619,2024-09-18,42300
2024-09-12 04:23:00,C,41.5,TXO22000I4,13.0,22000.0,21546.0,2024-09-12,202409,21619,2024-09-18,42300
2024-09-12 04:23:00,C,41.5,TXO22000I4,13.0,22000.0,21545.0,2024-09-12,202409,21619,2024-09-18,42300
2024-09-12 04:23:00,C,41.5,TXO22000I4,13.0,22000.0,21546.0,2024-09-12,202409,21619,2024-09-18,42300
2024-09-12 04:23:00,C,41.5,TXO22000I4,13.0,22000.0,21546.0,2024-09-12,202409,21619,2024-09-18,42300
2024-09-12 04:23:00,C,41.5,TXO22000I4,13.0,22000.0,21544.0,2024-09-12,202409,21619,2024-09-18,42300
2024-09-12 04:23:00,C,41.5,TXO22000I4,13.0,22000.0,21543.0,2024-09-12,202409,21619,2024-09-18,42300
2024-09-12 04:23:00,C,41.5,TXO22000I4,13.0,22000.0,21543.0,2024-09-12,202409,21619,2024-09-18,42300
2024-09-12 04:23:00,C,41.5,TXO22000I4,13.0,22000.0,21543.0,2024-09-12,202409,21619,2024-09-18,42300
2024-09-12 04:23:00,C,41.5,TXO22000I4,13.0,22000.0,21540.0,2024-09-12,202409,21619,2024-09-18,42300
2024-09-12 04:23:00,C,41.5,TXO22000I4,13.0,22000.0,21540.0,2024-09-12,202409,21619,2024-09-18,42300
2024-09-12 04:23:00,C,41.5,TXO22000I4,13.0,22000.0,21540.0,2024-09-12,202409,21619,2024-09-18,42300
2024-09-12 04:23:00,C,41.5,TXO22000I4,13.0,22000.0,21540.0,2024-09-12,202409,21619,2024-09-18,42300
2024-09-17 04:35:00,P,6.9,TXO20950U4,11.0,20950.0,21743.0,2024-09-17,202409,21619,2024-09-18,43500
2024-09-19 04:02:00,C,100.0,TX422050I4,16.0,22050.0,21608.0,2024-09-19,202409W4,22749,2024-09-25,40200
2024-09-19 04:02:00,C,95.0,TX422050I4,16.0,22050.0,21608.0,2024-09-19,202409W4,22749,2024-09-25,40200
2024-09-20 04:03:00,P,38.0,TX421900U4,13.0,21900.0,22362.0,2024-09-20,202409W4,22749,2024-09-25,40300
2024-09-20 04:03:00,P,37.5,TX421900U4,13.0,21900.0,22362.0,2024-09-20,202409W4,22749,2024-09-25,40300
2024-09-20 04:04:00,P,39.0,TX421900U4,13.0,21900.0,22355.0,2024-09-20,202409W4,22749,2024-09-25,40400
2024-09-20 04:04:00,P,38.5,TX421900U4,13.0,21900.0,22355.0,2024-09-20,202409W4,22749,2024-09-25,40400
2024-09-20 04:04:00,P,30.0,TX421850U4,12.5,21850.0,22361.0,2024-09-20,202409W4,22749,2024-09-25,40400
2024-09-20 04:04:00,P,30.0,TX421850U4,12.5,21850.0,22361.0,2024-09-20,202409W4,22749,2024-09-25,40400
2024-09-20 04:04:00,P,30.0,TX421850U4,12.5,21850.0,22360.0,2024-09-20,202409W4,22749,2024-09-25,40400
2024-09-20 04:04:00,P,30.0,TX421850U4,12.5,21850.0,22360.0,2024-09-20,202409W4,22749,2024-09-25,40400
2024-09-20 04:04:00,P,38.0,TX421900U4,13.0,21900.0,22359.0,2024-09-20,202409W4,22749,2024-09-25,40400
2024-09-20 04:04:00,P,38.0,TX421900U4,13.0,21900.0,22359.0,2024-09-20,202409W4,22749,2024-09-25,40400
2024-09-20 04:04:00,P,30.0,TX421850U4,12.5,21850.0,22357.0,2024-09-20,202409W4,22749,2024-09-25,40400
2024-09-20 04:04:00,P,30.0,TX421850U4,12.5,21850.0,22357.0,2024-09-20,202409W4,22749,2024-09-25,40400
2024-09-20 04:04:00,P,30.5,TX421850U4,12.5,21850.0,22355.0,2024-09-20,202409W4,22749,2024-09-25,40400
2024-09-20 04:04:00,P,30.5,TX421850U4,12.5,21850.0,22355.0,2024-09-20,202409W4,22749,2024-09-25,40400
2024-09-20 04:04:00,P,38.5,TX421900U4,13.0,21900.0,22355.0,2024-09-20,202409W4,22749,2024-09-25,40400
2024-09-20 04:04:00,P,38.5,TX421900U4,13.0,21900.0,22355.0,2024-09-20,202409W4,22749,2024-09-25,40400
2024-09-20 04:04:00,P,30.5,TX421850U4,12.5,21850.0,22358.0,2024-09-20,202409W4,22749,2024-09-25,40400
2024-09-20 04:04:00,P,30.5,TX421850U4,12.5,21850.0,22358.0,2024-09-20,202409W4,22749,2024-09-25,40400
2024-09-20 04:04:00,P,30.5,TX421850U4,12.5,21850.0,22355.0,2024-09-20,202409W4,22749,2024-09-25,40400
2024-09-20 04:04:00,P,30.5,TX421850U4,12.5,21850.0,22355.0,2024-09-20,202409W4,22749,2024-09-25,40400
2024-09-20 04:04:00,P,38.5,TX421900U4,13.0,21900.0,22355.0,2024-09-20,202409W4,22749,2024-09-25,40400
2024-09-20 04:04:00,P,38.5,TX421900U4,13.0,21900.0,22355.0,2024-09-20,202409W4,22749,2024-09-25,40400
2024-09-20 04:05:00,P,39.5,TX421900U4,13.0,21900.0,22358.0,2024-09-20,202409W4,22749,2024-09-25,40500
2024-09-20 04:05:00,P,39.5,TX421900U4,13.0,21900.0,22356.0,2024-09-20,202409W4,22749,2024-09-25,40500
2024-09-20 04:05:00,P,30.5,TX421850U4,12.5,21850.0,22356.0,2024-09-20,202409W4,22749,2024-09-25,40500
2024-09-20 04:05:00,P,30.5,TX421850U4,12.5,21850.0,22359.0,2024-09-20,202409W4,22749,2024-09-25,40500
2024-09-20 04:05:00,P,30.5,TX421850U4,13.0,21850.0,22358.0,2024-09-20,202409W4,22749,2024-09-25,40500
2024-09-20 04:05:00,P,30.5,TX421850U4,13.0,21850.0,22358.0,2024-09-20,202409W4,22749,2024-09-25,40500
2024-09-20 04:05:00,P,39.5,TX421900U4,13.0,21900.0,22358.0,2024-09-20,202409W4,22749,2024-09-25,40500
2024-09-20 04:05:00,P,39.5,TX421900U4,13.0,21900.0,22358.0,2024-09-20,202409W4,22749,2024-09-25,40500
2024-09-20 04:05:00,P,39.5,TX421900U4,13.0,21900.0,22358.0,2024-09-20,202409W4,22749,2024-09-25,40500
2024-09-20 04:05:00,P,39.5,TX421900U4,13.0,21900.0,22359.0,2024-09-20,202409W4,22749,2024-09-25,40500
2024-09-20 04:05:00,P,31.0,TX421850U4,13.0,21850.0,22358.0,2024-09-20,202409W4,22749,2024-09-25,40500
2024-09-20 04:05:00,P,31.0,TX421850U4,12.5,21850.0,22359.0,2024-09-20,202409W4,22749,2024-09-25,40500
2024-09-20 04:05:00,P,31.0,TX421850U4,12.5,21850.0,22358.0,2024-09-20,202409W4,22749,2024-09-25,40500
2024-09-20 04:05:00,P,31.0,TX421850U4,13.0,21850.0,22358.0,2024-09-20,202409W4,22749,2024-09-25,40500
2024-09-20 04:05:00,P,39.5,TX421900U4,13.0,21900.0,22358.0,2024-09-20,202409W4,22749,2024-09-25,40500
2024-09-20 04:05:00,P,39.5,TX421900U4,13.0,21900.0,22358.0,2024-09-20,202409W4,22749,2024-09-25,40500
2024-09-20 04:05:00,P,40.0,TX421900U4,13.0,21900.0,22357.0,2024-09-20,202409W4,22749,2024-09-25,40500
2024-09-20 04:05:00,P,39.5,TX421900U4,13.0,21900.0,22357.0,2024-09-20,202409W4,22749,2024-09-25,40500
2024-09-20 04:05:00,P,38.0,TX421900U4,13.0,21900.0,22360.0,2024-09-20,202409W4,22749,2024-09-25,40500
2024-09-20 04:05:00,P,38.0,TX421900U4,13.0,21900.0,22360.0,2024-09-20,202409W4,22749,2024-09-25,40500
2024-09-20 04:05:00,P,38.0,TX421900U4,13.0,21900.0,22360.0,2024-09-20,202409W4,22749,2024-09-25,40500
2024-09-20 04:05:00,P,38.0,TX421900U4,13.0,21900.0,22360.0,2024-09-20,202409W4,22749,2024-09-25,40500
2024-09-24 04:08:00,C,61.0,TX422400I4,14.0,22400.0,22303.0,2024-09-24,202409W4,22749,2024-09-25,40800
2024-09-27 04:32:00,P,44.0,TX122650V4,13.0,22650.0,23194.0,2024-09-27,202410W1,22229,2024-10-04,43200
2024-10-02 04:42:00,C,12.5,TX122600J4,12.0,22600.0,22092.0,2024-10-02,202410W1,22229,2024-10-04,44200
2024-10-09 04:00:00,P,39.5,TX222700V4,13.0,22700.0,22814.0,2024-10-09,202410W2,22721,2024-10-09,40000
2024-10-09 04:00:00,C,33.5,TX222850J4,13.0,22850.0,22797.0,2024-10-09,202410W2,22721,2024-10-09,40000
2024-10-09 04:01:00,C,33.5,TX222850J4,13.0,22850.0,22779.0,2024-10-09,202410W2,22721,2024-10-09,40100
2024-10-09 04:11:00,P,11.5,TX222500V4,12.0,22500.0,22789.0,2024-10-09,202410W2,22721,2024-10-09,41100
2024-10-12 04:08:00,C,12.0,TXO23600J4,12.0,23600.0,23048.0,2024-10-12,202410,22986,2024-10-16,40800
2024-10-18 04:24:00,C,50.0,TX424400J4,13.0,24400.0,23862.0,2024-10-18,202410W4,23335,2024-10-23,42400
2024-10-18 04:37:00,P,97.0,TX423400V4,16.0,23400.0,23852.0,2024-10-18,202410W4,23335,2024-10-23,43700
2024-10-18 04:38:00,P,98.0,TX423400V4,16.0,23400.0,23852.0,2024-10-18,202410W4,23335,2024-10-23,43800
2024-10-19 04:51:00,P,114.0,TX423600V4,17.0,23600.0,23726.0,2024-10-19,202410W4,23335,2024-10-23,45100
2024-10-19 04:54:00,P,18.0,TX423000V4,12.0,23000.0,23725.0,2024-10-19,202410W4,23335,2024-10-23,45400
2024-10-19 04:59:00,P,33.0,TX423200V4,13.0,23200.0,23729.0,2024-10-19,202410W4,23335,2024-10-23,45900
2024-10-22 04:19:00,P,16.0,TX423000V4,12.0,23000.0,23672.0,2024-10-22,202410W4,23335,2024-10-23,41900
2024-10-30 04:49:00,C,41.0,TX523100J4,13.0,23100.0,23046.0,2024-10-30,202410W5,22837,2024-10-30,44900
2024-10-31 04:15:00,C,5.1,TX123750K4,11.0,23750.0,22671.0,2024-10-31,202411W1,23261,2024-11-06,41500
2024-10-31 04:56:00,C,29.0,TX123400K4,12.0,23400.0,22698.0,2024-10-31,202411W1,23261,2024-11-06,45600
2024-11-06 04:05:00,C,0.1,TX124050K4,11.0,24050.0,23183.0,2024-11-06,202411W1,23261,2024-11-06,40500
2024-11-06 04:04:00,C,0.2,TX124050K4,11.0,24050.0,23178.0,2024-11-06,202411W1,23261,2024-11-06,40400
2024-11-12 04:10:00,P,41.5,TX222700W4,13.0,22700.0,23118.0,2024-11-12,202411W2,22912,2024-11-13,41000
2024-11-13 04:43:00,C,2.5,TX223300K4,11.0,23300.0,22830.0,2024-11-13,202411W2,22912,2024-11-13,44300
2024-11-13 04:43:00,C,2.3,TX223300K4,11.0,23300.0,22830.0,2024-11-13,202411W2,22912,2024-11-13,44300
2024-11-13 04:43:00,C,2.1,TX223300K4,11.0,23300.0,22830.0,2024-11-13,202411W2,22912,2024-11-13,44300
2024-11-13 04:43:00,C,2.1,TX223300K4,11.0,23300.0,22830.0,2024-11-13,202411W2,22912,2024-11-13,44300
2024-11-20 04:40:00,P,0.8,TXO22200W4,11.0,22200.0,22856.0,2024-11-20,202411,22686,2024-11-20,44000
2024-11-20 04:51:00,P,0.8,TXO22200W4,11.0,22200.0,22873.0,2024-11-20,202411,22686,2024-11-20,45100
2024-11-20 04:55:00,P,0.8,TXO22200W4,11.0,22200.0,22860.0,2024-11-20,202411,22686,2024-11-20,45500
2024-11-21 04:08:00,C,81.0,TX423100K4,15.0,23100.0,22643.0,2024-11-21,202411W4,22382,2024-11-27,40800
2024-11-21 04:19:00,C,101.0,TX423050K4,16.0,23050.0,22648.0,2024-11-21,202411W4,22382,2024-11-27,41900
2024-11-21 04:25:00,P,258.0,TX422600W4,24.0,22600.0,22662.0,2024-11-21,202411W4,22382,2024-11-27,42500
2024-11-23 04:59:00,P,23.0,TX422400W4,12.0,22400.0,23046.0,2024-11-23,202411W4,22382,2024-11-27,45900
2024-11-23 04:59:00,P,22.5,TX422400W4,12.0,22400.0,23046.0,2024-11-23,202411W4,22382,2024-11-27,45900
2024-12-04 04:58:00,P,40.0,TX123000X4,13.0,23000.0,23150.0,2024-12-04,202412W1,23201,2024-12-04,45800
2024-12-06 04:15:00,P,36.5,TX222800X4,13.0,22800.0,23366.0,2024-12-06,202412W2,22902,2024-12-11,41500
2024-12-10 04:12:00,C,36.5,TX223450L4,13.0,23450.0,23239.0,2024-12-10,202412W2,22902,2024-12-11,41200
2024-12-10 04:12:00,C,49.0,TX223400L4,13.0,23400.0,23235.0,2024-12-10,202412W2,22902,2024-12-11,41200
2024-12-10 04:12:00,C,2.3,TX223900L4,11.0,23900.0,23236.0,2024-12-10,202412W2,22902,2024-12-11,41200
2024-12-10 04:21:00,C,1.4,TX224000L4,11.0,24000.0,23252.0,2024-12-10,202412W2,22902,2024-12-11,42100
2024-12-10 04:24:00,C,66.0,TX223350L4,14.0,23350.0,23242.0,2024-12-10,202412W2,22902,2024-12-11,42400
2024-12-10 04:57:00,C,48.0,TX223400L4,13.0,23400.0,23230.0,2024-12-10,202412W2,22902,2024-12-11,45700
2024-12-19 04:00:00,C,9.7,TX424000L4,11.0,24000.0,23008.0,2024-12-19,202412W4,23277,2024-12-25,40000
2024-12-19 04:00:00,C,11.5,TX423900L4,12.0,23900.0,23008.0,2024-12-19,202412W4,23277,2024-12-25,40000
2024-12-19 04:01:00,C,26.0,TX423700L4,12.0,23700.0,22996.0,2024-12-19,202412W4,23277,2024-12-25,40100
2024-12-19 04:16:00,C,7.8,TX424000L4,11.0,24000.0,22959.0,2024-12-19,202412W4,23277,2024-12-25,41600
2024-12-19 04:32:00,C,30.5,TX423550L4,13.0,23550.0,22819.0,2024-12-19,202412W4,23277,2024-12-25,43200
2024-12-19 04:32:00,C,45.0,TX423400L4,13.0,23400.0,22819.0,2024-12-19,202412W4,23277,2024-12-25,43200
2024-12-19 04:32:00,C,45.0,TX423400L4,13.0,23400.0,22821.0,2024-12-19,202412W4,23277,2024-12-25,43200
2024-12-19 04:32:00,C,9.0,TX423800L4,11.0,23800.0,22825.0,2024-12-19,202412W4,23277,2024-12-25,43200
2024-12-19 04:32:00,C,18.0,TX423700L4,12.0,23700.0,22826.0,2024-12-19,202412W4,23277,2024-12-25,43200
2024-12-19 04:37:00,C,48.5,TX423300L4,13.0,23300.0,22731.0,2024-12-19,202412W4,23277,2024-12-25,43700
2024-12-19 04:37:00,C,46.0,TX423300L4,13.0,23300.0,22719.0,2024-12-19,202412W4,23277,2024-12-25,43700
2024-12-19 04:38:00,P,44.0,TX422300X4,13.0,22300.0,22704.0,2024-12-19,202412W4,23277,2024-12-25,43800
2024-12-19 04:38:00,P,44.0,TX422300X4,13.0,22300.0,22708.0,2024-12-19,202412W4,23277,2024-12-25,43800
2024-12-19 04:39:00,C,45.0,TX423300L4,13.0,23300.0,22706.0,2024-12-19,202412W4,23277,2024-12-25,43900
2024-12-19 04:39:00,P,40.5,TX422200X4,13.0,22200.0,22704.0,2024-12-19,202412W4,23277,2024-12-25,43900
2024-12-19 04:39:00,C,45.0,TX423300L4,13.0,23300.0,22677.0,2024-12-19,202412W4,23277,2024-12-25,43900
2024-12-19 04:39:00,P,41.5,TX422250X4,13.0,22250.0,22678.0,2024-12-19,202412W4,23277,2024-12-25,43900
2024-12-19 04:40:00,P,48.5,TX422300X4,13.0,22300.0,22687.0,2024-12-19,202412W4,23277,2024-12-25,44000
2024-12-19 04:40:00,P,42.0,TX422250X4,13.0,22250.0,22688.0,2024-12-19,202412W4,23277,2024-12-25,44000
2024-12-19 04:40:00,C,45.5,TX423300L4,13.0,23300.0,22644.0,2024-12-19,202412W4,23277,2024-12-25,44000
2024-12-19 04:40:00,C,45.5,TX423300L4,13.0,23300.0,22644.0,2024-12-19,202412W4,23277,2024-12-25,44000
2024-12-19 04:41:00,P,59.0,TX422200X4,14.0,22200.0,22638.0,2024-12-19,202412W4,23277,2024-12-25,44100
2024-12-19 04:41:00,C,45.5,TX423300L4,13.0,23300.0,22625.0,2024-12-19,202412W4,23277,2024-12-25,44100
2024-12-19 04:41:00,C,45.0,TX423300L4,13.0,23300.0,22617.0,2024-12-19,202412W4,23277,2024-12-25,44100
2024-12-19 04:41:00,C,45.0,TX423300L4,13.0,23300.0,22616.0,2024-12-19,202412W4,23277,2024-12-25,44100
2024-12-19 04:41:00,P,60.0,TX422300X4,14.0,22300.0,22683.0,2024-12-19,202412W4,23277,2024-12-25,44100
2024-12-19 04:41:00,P,40.0,TX422100X4,13.0,22100.0,22679.0,2024-12-19,202412W4,23277,2024-12-25,44100
2024-12-19 04:43:00,P,61.0,TX422300X4,14.0,22300.0,22636.0,2024-12-19,202412W4,23277,2024-12-25,44300
2024-12-19 04:45:00,C,36.5,TX423300L4,13.0,23300.0,22618.0,2024-12-19,202412W4,23277,2024-12-25,44500
2024-12-19 04:46:00,P,49.0,TX422100X4,13.0,22100.0,22650.0,2024-12-19,202412W4,23277,2024-12-25,44600
2024-12-19 04:46:00,P,36.0,TX422000X4,13.0,22000.0,22659.0,2024-12-19,202412W4,23277,2024-12-25,44600
2024-12-19 04:47:00,P,37.0,TX422000X4,13.0,22000.0,22680.0,2024-12-19,202412W4,23277,2024-12-25,44700
2024-12-19 04:47:00,P,36.5,TX422000X4,13.0,22000.0,22675.0,2024-12-19,202412W4,23277,2024-12-25,44700
2024-12-19 04:47:00,P,45.0,TX422100X4,13.0,22100.0,22675.0,2024-12-19,202412W4,23277,2024-12-25,44700
2024-12-19 04:48:00,P,45.0,TX422200X4,13.0,22200.0,22715.0,2024-12-19,202412W4,23277,2024-12-25,44800
2024-12-19 04:48:00,P,37.0,TX422100X4,13.0,22100.0,22728.0,2024-12-19,202412W4,23277,2024-12-25,44800
2024-12-19 04:48:00,P,42.0,TX422200X4,13.0,22200.0,22735.0,2024-12-19,202412W4,23277,2024-12-25,44800
2024-12-19 04:48:00,P,37.0,TX422100X4,13.0,22100.0,22742.0,2024-12-19,202412W4,23277,2024-12-25,44800
2024-12-19 04:48:00,P,40.0,TX422200X4,13.0,22200.0,22749.0,2024-12-19,202412W4,23277,2024-12-25,44800
2024-12-19 04:50:00,C,71.0,TX423200L4,15.0,23200.0,22733.0,2024-12-19,202412W4,23277,2024-12-25,45000
2024-12-19 04:50:00,C,70.0,TX423200L4,15.0,23200.0,22733.0,2024-12-19,202412W4,23277,2024-12-25,45000
2024-12-19 04:50:00,P,42.0,TX422200X4,13.0,22200.0,22758.0,2024-12-19,202412W4,23277,2024-12-25,45000
2024-12-19 04:51:00,C,70.0,TX423200L4,15.0,23200.0,22760.0,2024-12-19,202412W4,23277,2024-12-25,45100
2024-12-19 04:51:00,C,66.0,TX423200L4,14.0,23200.0,22754.0,2024-12-19,202412W4,23277,2024-12-25,45100
2024-12-19 04:52:00,C,75.0,TX423200L4,15.0,23200.0,22753.0,2024-12-19,202412W4,23277,2024-12-25,45200
2024-12-19 04:53:00,C,67.0,TX423200L4,14.0,23200.0,22759.0,2024-12-19,202412W4,23277,2024-12-25,45300
2024-12-19 04:53:00,C,67.0,TX423200L4,14.0,23200.0,22756.0,2024-12-19,202412W4,23277,2024-12-25,45300
2024-12-19 04:54:00,C,70.0,TX423200L4,15.0,23200.0,22750.0,2024-12-19,202412W4,23277,2024-12-25,45400
2024-12-19 04:56:00,C,77.0,TX423150L4,15.0,23150.0,22714.0,2024-12-19,202412W4,23277,2024-12-25,45600
2024-12-20 04:36:00,C,13.0,TX423500L4,12.0,23500.0,22810.0,2024-12-20,202412W4,23277,2024-12-25,43600
2024-12-20 04:36:00,C,13.0,TX423500L4,12.0,23500.0,22803.0,2024-12-20,202412W4,23277,2024-12-25,43600
2024-12-26 04:09:00,C,110.0,TX123450A5,17.0,23450.0,23315.0,2024-12-26,202501W1,22733,2025-01-02,40900
2024-12-28 04:52:00,P,33.5,TX122800M5,13.0,22800.0,23214.0,2024-12-28,202501W1,22733,2025-01-02,45200
2024-12-28 04:54:00,P,118.0,TX123150M5,17.0,23150.0,23216.0,2024-12-28,202501W1,22733,2025-01-02,45400
2024-12-28 04:55:00,P,33.5,TX122800M5,13.0,22800.0,23215.0,2024-12-28,202501W1,22733,2025-01-02,45500
2025-01-08 04:36:00,P,0.3,TX222900M5,11.0,22900.0,23505.0,2025-01-08,202501W2,23458,2025-01-08,43600
2025-01-08 04:45:00,C,3.0,TX223900A5,11.0,23900.0,23505.0,2025-01-08,202501W2,23458,2025-01-08,44500
2025-01-08 04:53:00,C,15.0,TX223650A5,12.0,23650.0,23498.0,2025-01-08,202501W2,23458,2025-01-08,45300
2025-01-08 04:54:00,C,6.7,TX223750A5,11.0,23750.0,23502.0,2025-01-08,202501W2,23458,2025-01-08,45400
2025-01-15 04:57:00,C,1.0,TXO23200A5,11.0,23200.0,22684.0,2025-01-15,202501,22519,2025-01-15,45700
2025-01-18 04:57:00,C,13.5,TX423800A5,12.0,23800.0,23239.0,2025-01-18,202501W4,23589,2025-01-22,45700
2025-01-18 04:57:00,C,13.0,TX423800A5,12.0,23800.0,23246.0,2025-01-18,202501W4,23589,2025-01-22,45700
2025-01-21 04:00:00,P,8.1,TX422550M5,11.0,22550.0,23333.0,2025-01-21,202501W4,23589,2025-01-22,40000
2025-01-21 04:00:00,P,8.0,TX422550M5,11.0,22550.0,23331.0,2025-01-21,202501W4,23589,2025-01-22,40000
2025-01-21 04:10:00,P,7.3,TX422550M5,11.0,22550.0,23356.0,2025-01-21,202501W4,23589,2025-01-22,41000
2025-01-21 05:00:00,P,10.0,TX422650M5,11.0,22650.0,23358.0,2025-01-21,202501W4,23589,2025-01-22,50000
2025-02-04 04:46:00,P,8.0,TX122000N5,11.0,22000.0,22827.0,2025-02-04,202502W1,23145,2025-02-05,44600
2025-02-04 04:59:00,C,91.0,TX122900B5,16.0,22900.0,22795.0,2025-02-04,202502W1,23145,2025-02-05,45900
2025-02-04 04:59:00,C,91.0,TX122900B5,16.0,22900.0,22795.0,2025-02-04,202502W1,23145,2025-02-05,45900
2025-02-05 04:55:00,P,2.7,TX122600N5,11.0,22600.0,23053.0,2025-02-05,202502W1,23145,2025-02-05,45500
2025-02-08 04:12:00,C,5.8,TX223900B5,11.0,23900.0,23217.0,2025-02-08,202502W2,23315,2025-02-12,41200
2025-02-22 04:02:00,C,67.0,TX423650B5,14.0,23650.0,23463.0,2025-02-22,202502W4,23371,2025-02-26,40200
2025-02-22 04:02:00,C,66.0,TX423650B5,14.0,23650.0,23463.0,2025-02-22,202502W4,23371,2025-02-26,40200
2025-02-25 04:55:00,C,25.5,TX423600B5,12.0,23600.0,23289.0,2025-02-25,202502W4,23371,2025-02-26,45500
2025-02-25 04:55:00,C,25.5,TX423600B5,12.0,23600.0,23289.0,2025-02-25,202502W4,23371,2025-02-26,45500
2025-02-27 04:00:00,C,189.0,TX123450C5,20.0,23450.0,23353.0,2025-02-27,202503W1,22928,2025-03-05,40000
2025-02-27 04:00:00,C,189.0,TX123450C5,20.0,23450.0,23353.0,2025-02-27,202503W1,22928,2025-03-05,40000
2025-02-27 04:02:00,C,215.0,TX123400C5,22.0,23400.0,23347.0,2025-02-27,202503W1,22928,2025-03-05,40200
2025-02-27 04:53:00,C,24.5,TX124100C5,12.0,24100.0,23446.0,2025-02-27,202503W1,22928,2025-03-05,45300
2025-02-28 04:02:00,C,25.5,TX123350C5,12.0,23350.0,22779.0,2025-02-28,202503W1,22928,2025-03-05,40200
2025-02-28 04:02:00,C,25.0,TX123350C5,12.0,23350.0,22779.0,2025-02-28,202503W1,22928,2025-03-05,40200
2025-02-28 04:03:00,C,25.0,TX123350C5,12.0,23350.0,22775.0,2025-02-28,202503W1,22928,2025-03-05,40300
2025-02-28 04:12:00,C,11.5,TX123600C5,12.0,23600.0,22765.0,2025-02-28,202503W1,22928,2025-03-05,41200
2025-02-28 04:12:00,C,12.0,TX123600C5,12.0,23600.0,22765.0,2025-02-28,202503W1,22928,2025-03-05,41200
2025-02-28 04:12:00,C,11.5,TX123600C5,12.0,23600.0,22765.0,2025-02-28,202503W1,22928,2025-03-05,41200
2025-02-28 04:13:00,C,11.5,TX123600C5,11.5,23600.0,22759.0,2025-02-28,202503W1,22928,2025-03-05,41300
2025-02-28 04:13:00,C,11.5,TX123600C5,11.5,23600.0,22759.0,2025-02-28,202503W1,22928,2025-03-05,41300
2025-02-28 04:13:00,C,11.5,TX123600C5,11.5,23600.0,22759.0,2025-02-28,202503W1,22928,2025-03-05,41300
2025-02-28 04:13:00,C,11.5,TX123600C5,11.5,23600.0,22759.0,2025-02-28,202503W1,22928,2025-03-05,41300
2025-02-28 04:13:00,C,11.5,TX123600C5,12.0,23600.0,22759.0,2025-02-28,202503W1,22928,2025-03-05,41300
2025-02-28 04:14:00,C,11.0,TX123600C5,12.0,23600.0,22759.0,2025-02-28,202503W1,22928,2025-03-05,41400
2025-02-28 04:14:00,C,11.0,TX123600C5,11.5,23600.0,22759.0,2025-02-28,202503W1,22928,2025-03-05,41400
2025-02-28 04:14:00,C,11.0,TX123600C5,11.5,23600.0,22759.0,2025-02-28,202503W1,22928,2025-03-05,41400
2025-02-28 04:14:00,C,10.5,TX123600C5,11.5,23600.0,22752.0,2025-02-28,202503W1,22928,2025-03-05,41400
2025-02-28 04:14:00,C,10.5,TX123600C5,11.5,23600.0,22752.0,2025-02-28,202503W1,22928,2025-03-05,41400
2025-02-28 04:14:00,C,30.0,TX123300C5,13.0,23300.0,22750.0,2025-02-28,202503W1,22928,2025-03-05,41400
2025-02-28 04:18:00,C,10.5,TX123600C5,12.0,23600.0,22723.0,2025-02-28,202503W1,22928,2025-03-05,41800
2025-02-28 04:18:00,C,10.5,TX123600C5,11.5,23600.0,22719.0,2025-02-28,202503W1,22928,2025-03-05,41800
2025-02-28 04:18:00,C,10.5,TX123600C5,11.5,23600.0,22719.0,2025-02-28,202503W1,22928,2025-03-05,41800
2025-02-28 04:18:00,C,10.5,TX123600C5,12.0,23600.0,22718.0,2025-02-28,202503W1,22928,2025-03-05,41800
2025-02-28 04:19:00,C,10.5,TX123600C5,11.5,23600.0,22718.0,2025-02-28,202503W1,22928,2025-03-05,41900
2025-02-28 04:19:00,C,10.5,TX123600C5,11.5,23600.0,22719.0,2025-02-28,202503W1,22928,2025-03-05,41900
2025-02-28 04:19:00,C,10.5,TX123600C5,11.5,23600.0,22718.0,2025-02-28,202503W1,22928,2025-03-05,41900
2025-02-28 04:19:00,C,10.5,TX123600C5,11.5,23600.0,22718.0,2025-02-28,202503W1,22928,2025-03-05,41900
2025-02-28 04:19:00,C,28.0,TX123300C5,12.5,23300.0,22716.0,2025-02-28,202503W1,22928,2025-03-05,41900
2025-02-28 04:19:00,C,28.0,TX123300C5,12.5,23300.0,22717.0,2025-02-28,202503W1,22928,2025-03-05,41900
2025-02-28 04:19:00,C,10.5,TX123600C5,11.5,23600.0,22717.0,2025-02-28,202503W1,22928,2025-03-05,41900
2025-02-28 04:19:00,C,10.5,TX123600C5,11.5,23600.0,22718.0,2025-02-28,202503W1,22928,2025-03-05,41900
2025-02-28 04:29:00,C,10.0,TX123600C5,11.5,23600.0,22699.0,2025-02-28,202503W1,22928,2025-03-05,42900
2025-02-28 04:29:00,C,10.0,TX123600C5,11.5,23600.0,22699.0,2025-02-28,202503W1,22928,2025-03-05,42900
2025-02-28 04:42:00,C,19.0,TX123300C5,12.0,23300.0,22698.0,2025-02-28,202503W1,22928,2025-03-05,44200
2025-02-28 04:42:00,C,19.0,TX123300C5,12.0,23300.0,22698.0,2025-02-28,202503W1,22928,2025-03-05,44200
2025-02-28 04:47:00,C,28.0,TX123200C5,12.0,23200.0,22659.0,2025-02-28,202503W1,22928,2025-03-05,44700
2025-02-28 04:57:00,C,14.0,TX123400C5,12.0,23400.0,22637.0,2025-02-28,202503W1,22928,2025-03-05,45700
2025-02-28 04:57:00,C,21.0,TX123250C5,12.0,23250.0,22634.0,2025-02-28,202503W1,22928,2025-03-05,45700
2025-02-28 04:57:00,C,20.0,TX123250C5,12.0,23250.0,22634.0,2025-02-28,202503W1,22928,2025-03-05,45700
2025-02-28 04:57:00,C,20.0,TX123250C5,12.0,23250.0,22631.0,2025-02-28,202503W1,22928,2025-03-05,45700
2025-02-28 04:57:00,C,20.0,TX123250C5,12.0,23250.0,22631.0,2025-02-28,202503W1,22928,2025-03-05,45700
2025-03-04 04:00:00,C,6.4,TX123100C5,11.0,23100.0,22324.0,2025-03-04,202503W1,22928,2025-03-05,40000
2025-03-04 04:00:00,C,6.4,TX123100C5,11.0,23100.0,22323.0,2025-03-04,202503W1,22928,2025-03-05,40000
2025-03-04 04:00:00,C,6.4,TX123100C5,11.0,23100.0,22323.0,2025-03-04,202503W1,22928,2025-03-05,40000
2025-03-04 04:00:00,C,6.4,TX123100C5,11.0,23100.0,22319.0,2025-03-04,202503W1,22928,2025-03-05,40000
2025-03-04 04:00:00,C,6.4,TX123100C5,11.0,23100.0,22319.0,2025-03-04,202503W1,22928,2025-03-05,40000
2025-03-04 04:00:00,C,6.4,TX123100C5,11.0,23100.0,22316.0,2025-03-04,202503W1,22928,2025-03-05,40000
2025-03-04 04:00:00,C,6.4,TX123100C5,11.0,23100.0,22323.0,2025-03-04,202503W1,22928,2025-03-05,40000
2025-03-04 04:00:00,C,6.4,TX123100C5,11.0,23100.0,22323.0,2025-03-04,202503W1,22928,2025-03-05,40000
2025-03-04 04:00:00,C,6.4,TX123100C5,11.0,23100.0,22321.0,2025-03-04,202503W1,22928,2025-03-05,40000
2025-03-04 04:03:00,C,5.9,TX123100C5,11.0,23100.0,22275.0,2025-03-04,202503W1,22928,2025-03-05,40300
2025-03-04 04:09:00,C,8.6,TX123000C5,11.0,23000.0,22283.0,2025-03-04,202503W1,22928,2025-03-05,40900
2025-03-04 04:09:00,C,8.6,TX123000C5,11.0,23000.0,22283.0,2025-03-04,202503W1,22928,2025-03-05,40900
2025-03-04 04:09:00,C,6.6,TX123050C5,11.0,23050.0,22261.0,2025-03-04,202503W1,22928,2025-03-05,40900
2025-03-04 04:10:00,C,4.6,TX123100C5,11.0,23100.0,22254.0,2025-03-04,202503W1,22928,2025-03-05,41000
2025-03-04 04:10:00,C,4.5,TX123100C5,11.0,23100.0,22254.0,2025-03-04,202503W1,22928,2025-03-05,41000
2025-03-04 04:11:00,C,10.0,TX122950C5,11.0,22950.0,22250.0,2025-03-04,202503W1,22928,2025-03-05,41100
2025-03-04 04:11:00,C,10.0,TX122950C5,11.0,22950.0,22250.0,2025-03-04,202503W1,22928,2025-03-05,41100
2025-03-04 04:11:00,C,9.8,TX122950C5,11.0,22950.0,22249.0,2025-03-04,202503W1,22928,2025-03-05,41100
2025-03-04 04:11:00,C,6.6,TX123050C5,11.0,23050.0,22246.0,2025-03-04,202503W1,22928,2025-03-05,41100
2025-03-04 04:11:00,C,4.6,TX123100C5,11.0,23100.0,22244.0,2025-03-04,202503W1,22928,2025-03-05,41100
2025-03-04 04:11:00,C,4.6,TX123100C5,11.0,23100.0,22245.0,2025-03-04,202503W1,22928,2025-03-05,41100
2025-03-04 04:12:00,C,17.0,TX122800C5,12.0,22800.0,22226.0,2025-03-04,202503W1,22928,2025-03-05,41200
2025-03-04 04:12:00,C,17.0,TX122800C5,12.0,22800.0,22226.0,2025-03-04,202503W1,22928,2025-03-05,41200
2025-03-04 04:12:00,C,6.6,TX123050C5,11.0,23050.0,22221.0,2025-03-04,202503W1,22928,2025-03-05,41200
2025-03-04 04:12:00,C,6.6,TX123050C5,11.0,23050.0,22221.0,2025-03-04,202503W1,22928,2025-03-05,41200
2025-03-04 04:23:00,C,15.0,TX122800C5,12.0,22800.0,22174.0,2025-03-04,202503W1,22928,2025-03-05,42300
2025-03-04 04:23:00,C,15.0,TX122800C5,12.0,22800.0,22174.0,2025-03-04,202503W1,22928,2025-03-05,42300
2025-03-04 04:24:00,C,6.5,TX123000C5,11.0,23000.0,22165.0,2025-03-04,202503W1,22928,2025-03-05,42400
2025-03-04 04:28:00,C,5.9,TX123000C5,11.0,23000.0,22149.0,2025-03-04,202503W1,22928,2025-03-05,42800
2025-03-04 04:30:00,C,15.0,TX122800C5,12.0,22800.0,22144.0,2025-03-04,202503W1,22928,2025-03-05,43000
2025-03-04 04:30:00,C,17.0,TX122750C5,12.0,22750.0,22150.0,2025-03-04,202503W1,22928,2025-03-05,43000
2025-03-04 04:30:00,C,17.5,TX122750C5,12.0,22750.0,22152.0,2025-03-04,202503W1,22928,2025-03-05,43000
2025-03-04 04:30:00,C,17.0,TX122750C5,12.0,22750.0,22158.0,2025-03-04,202503W1,22928,2025-03-05,43000
2025-03-04 04:31:00,C,17.0,TX122750C5,12.0,22750.0,22153.0,2025-03-04,202503W1,22928,2025-03-05,43100
2025-03-04 04:31:00,C,25.5,TX122650C5,12.0,22650.0,22169.0,2025-03-04,202503W1,22928,2025-03-05,43100
2025-03-04 04:36:00,C,11.0,TX122850C5,12.0,22850.0,22141.0,2025-03-04,202503W1,22928,2025-03-05,43600
2025-03-04 04:36:00,C,11.0,TX122850C5,12.0,22850.0,22141.0,2025-03-04,202503W1,22928,2025-03-05,43600
2025-03-04 04:36:00,C,11.0,TX122850C5,12.0,22850.0,22141.0,2025-03-04,202503W1,22928,2025-03-05,43600
2025-03-04 04:36:00,C,9.6,TX122900C5,11.0,22900.0,22134.0,2025-03-04,202503W1,22928,2025-03-05,43600
2025-03-04 04:36:00,C,9.6,TX122900C5,11.0,22900.0,22134.0,2025-03-04,202503W1,22928,2025-03-05,43600
2025-03-04 04:36:00,C,8.8,TX122950C5,11.0,22950.0,22133.0,2025-03-04,202503W1,22928,2025-03-05,43600
2025-03-04 04:37:00,C,17.0,TX122750C5,12.0,22750.0,22137.0,2025-03-04,202503W1,22928,2025-03-05,43700
2025-03-04 04:39:00,C,24.5,TX122650C5,12.0,22650.0,22132.0,2025-03-04,202503W1,22928,2025-03-05,43900
2025-03-04 04:41:00,C,16.0,TX122750C5,12.0,22750.0,22121.0,2025-03-04,202503W1,22928,2025-03-05,44100
2025-03-04 04:43:00,C,18.0,TX122700C5,12.0,22700.0,22121.0,2025-03-04,202503W1,22928,2025-03-05,44300
2025-03-04 04:44:00,C,9.7,TX122850C5,11.0,22850.0,22117.0,2025-03-04,202503W1,22928,2025-03-05,44400
2025-03-04 04:56:00,C,7.1,TX122900C5,11.0,22900.0,22186.0,2025-03-04,202503W1,22928,2025-03-05,45600
2025-03-05 04:32:00,C,0.3,TX123350C5,11.0,23350.0,22753.0,2025-03-05,202503W1,22928,2025-03-05,43200
2025-03-05 04:42:00,C,6.5,TX122900C5,11.0,22900.0,22663.0,2025-03-05,202503W1,22928,2025-03-05,44200
2025-03-05 04:48:00,C,0.2,TX123300C5,10.66666667,23300.0,22663.0,2025-03-05,202503W1,22928,2025-03-05,44800
2025-03-05 04:48:00,C,0.2,TX123300C5,11.0,23300.0,22663.0,2025-03-05,202503W1,22928,2025-03-05,44800
2025-03-05 04:48:00,C,0.1,TX123300C5,11.0,23300.0,22663.0,2025-03-05,202503W1,22928,2025-03-05,44800
2025-03-05 04:48:00,C,0.1,TX123300C5,11.0,23300.0,22663.0,2025-03-05,202503W1,22928,2025-03-05,44800
2025-03-05 04:49:00,C,0.1,TX123200C5,11.0,23200.0,22664.0,2025-03-05,202503W1,22928,2025-03-05,44900
2025-03-05 04:48:00,C,0.2,TX123300C5,10.66666667,23300.0,22663.0,2025-03-05,202503W1,22928,2025-03-05,44800
2025-03-05 04:48:00,C,0.2,TX123300C5,10.66666667,23300.0,22659.0,2025-03-05,202503W1,22928,2025-03-05,44800
2025-03-05 04:51:00,C,1.0,TX123250C5,10.66666667,23250.0,22595.0,2025-03-05,202503W1,22928,2025-03-05,45100
2025-03-05 04:51:00,C,1.0,TX123250C5,10.66666667,23250.0,22595.0,2025-03-05,202503W1,22928,2025-03-05,45100
2025-03-05 04:51:00,C,1.0,TX123250C5,10.66666667,23250.0,22595.0,2025-03-05,202503W1,22928,2025-03-05,45100
2025-03-05 04:52:00,C,0.3,TX123350C5,10.66666667,23350.0,22595.0,2025-03-05,202503W1,22928,2025-03-05,45200
2025-03-05 04:52:00,C,0.3,TX123350C5,10.66666667,23350.0,22595.0,2025-03-05,202503W1,22928,2025-03-05,45200
2025-03-05 04:52:00,C,0.3,TX123350C5,10.66666667,23350.0,22542.0,2025-03-05,202503W1,22928,2025-03-05,45200
2025-03-05 04:58:00,C,0.5,TX123100C5,11.0,23100.0,22552.0,2025-03-05,202503W1,22928,2025-03-05,45800
2025-03-05 04:59:00,C,1.0,TX123100C5,11.0,23100.0,22550.0,2025-03-05,202503W1,22928,2025-03-05,45900
2025-03-05 04:59:00,C,1.0,TX123150C5,11.0,23150.0,22553.0,2025-03-05,202503W1,22928,2025-03-05,45900
2025-03-05 05:00:00,C,0.7,TX123250C5,11.0,23250.0,22556.0,2025-03-05,202503W1,22928,2025-03-05,50000
2025-03-06 04:54:00,P,58.0,TX222300O5,14.0,22300.0,23003.0,2025-03-06,202503W2,22235,2025-03-12,45400
2025-03-08 04:53:00,P,70.0,TX222200O5,15.0,22200.0,22544.0,2025-03-08,202503W2,22235,2025-03-12,45300
2025-03-11 04:00:00,C,5.1,TX222800C5,11.0,22800.0,22027.0,2025-03-11,202503W2,22235,2025-03-12,40000
2025-03-11 04:00:00,C,5.1,TX222800C5,11.0,22800.0,22027.0,2025-03-11,202503W2,22235,2025-03-12,40000
2025-03-11 04:00:00,C,5.1,TX222800C5,11.0,22800.0,22027.0,2025-03-11,202503W2,22235,2025-03-12,40000
2025-03-12 04:00:00,C,0.1,TX222800C5,11.0,22800.0,22038.0,2025-03-12,202503W2,22235,2025-03-12,40000
2025-03-20 04:02:00,C,154.0,TX422250C5,19.0,22250.0,22147.0,2025-03-20,202503W4,22300,2025-03-26,40200
2025-03-20 04:09:00,C,160.0,TX422250C5,19.0,22250.0,22157.0,2025-03-20,202503W4,22300,2025-03-26,40900
2025-03-22 04:24:00,C,83.0,TX422350C5,15.0,22350.0,22196.0,2025-03-22,202503W4,22300,2025-03-26,42400
2025-03-22 04:41:00,C,41.5,TX422500C5,13.0,22500.0,22210.0,2025-03-22,202503W4,22300,2025-03-26,44100
2025-03-29 04:16:00,C,23.5,TX121700D5,12.0,21700.0,21178.0,2025-03-29,202504W1,21284,2025-04-02,41600
2025-03-29 04:18:00,C,5.5,TX122000D5,11.0,22000.0,21158.0,2025-03-29,202504W1,21284,2025-04-02,41800
2025-03-29 04:18:00,C,5.4,TX122000D5,11.0,22000.0,21157.0,2025-03-29,202504W1,21284,2025-04-02,41800
2025-03-29 04:18:00,C,5.3,TX122000D5,11.0,22000.0,21157.0,2025-03-29,202504W1,21284,2025-04-02,41800
2025-03-29 04:18:00,C,5.2,TX122000D5,11.0,22000.0,21157.0,2025-03-29,202504W1,21284,2025-04-02,41800
2025-03-29 04:19:00,C,5.2,TX122000D5,11.0,22000.0,21155.0,2025-03-29,202504W1,21284,2025-04-02,41900
2025-03-29 04:39:00,C,4.1,TX122100D5,11.0,22100.0,21151.0,2025-03-29,202504W1,21284,2025-04-02,43900
2025-04-01 04:00:00,C,7.0,TX121650D5,11.0,21650.0,21107.0,2025-04-01,202504W1,21284,2025-04-02,40000
2025-04-02 04:41:00,C,16.5,TX121450D5,12.0,21450.0,21330.0,2025-04-02,202504W1,21284,2025-04-02,44100
2025-04-03 04:13:00,P,170.0,TX221200P5,19.0,21200.0,21544.0,2025-04-03,202504W2,17430,2025-04-09,41300
2025-04-03 04:13:00,P,248.0,TX221450P5,23.0,21450.0,21515.0,2025-04-03,202504W2,17430,2025-04-09,41300
2025-04-03 04:14:00,P,171.0,TX221350P5,20.0,21350.0,21557.0,2025-04-03,202504W2,17430,2025-04-09,41400
2025-04-03 04:17:00,P,100.0,TX221000P5,16.0,21000.0,21628.0,2025-04-03,202504W2,17430,2025-04-09,41700
2025-04-03 04:28:00,C,32.0,TX222150D5,13.0,22150.0,21427.0,2025-04-03,202504W2,17430,2025-04-09,42800
2025-04-03 04:29:00,C,56.0,TX221950D5,14.0,21950.0,21244.0,2025-04-03,202504W2,17430,2025-04-09,42900
2025-04-03 04:30:00,C,139.0,TX221600D5,18.0,21600.0,21153.0,2025-04-03,202504W2,17430,2025-04-09,43000
2025-04-03 04:30:00,C,127.0,TX221650D5,17.0,21650.0,21115.0,2025-04-03,202504W2,17430,2025-04-09,43000
2025-04-03 04:30:00,C,35.0,TX222000D5,13.0,22000.0,21166.0,2025-04-03,202504W2,17430,2025-04-09,43000
2025-04-03 04:30:00,C,120.0,TX221650D5,17.0,21650.0,21102.0,2025-04-03,202504W2,17430,2025-04-09,43000
2025-04-03 04:30:00,C,20.0,TX222150D5,12.0,22150.0,21097.0,2025-04-03,202504W2,17430,2025-04-09,43000
2025-04-03 04:30:00,C,133.0,TX221600D5,18.0,21600.0,21113.0,2025-04-03,202504W2,17430,2025-04-09,43000
2025-04-03 04:30:00,C,100.0,TX221650D5,16.0,21650.0,21105.0,2025-04-03,202504W2,17430,2025-04-09,43000
2025-04-03 04:30:00,C,133.0,TX221600D5,18.0,21600.0,21114.0,2025-04-03,202504W2,17430,2025-04-09,43000
2025-04-03 04:30:00,C,60.0,TX221900D5,14.0,21900.0,21108.0,2025-04-03,202504W2,17430,2025-04-09,43000
2025-04-03 04:31:00,C,133.0,TX221600D5,18.0,21600.0,21087.0,2025-04-03,202504W2,17430,2025-04-09,43100
2025-04-03 04:31:00,C,81.0,TX221650D5,15.0,21650.0,21029.0,2025-04-03,202504W2,17430,2025-04-09,43100
2025-04-03 04:31:00,C,100.0,TX221200D5,16.0,21200.0,21030.0,2025-04-03,202504W2,17430,2025-04-09,43100
2025-04-03 04:31:00,C,100.0,TX221200D5,16.0,21200.0,21029.0,2025-04-03,202504W2,17430,2025-04-09,43100
2025-04-03 04:31:00,C,97.0,TX221200D5,16.0,21200.0,21029.0,2025-04-03,202504W2,17430,2025-04-09,43100
2025-04-03 04:31:00,C,97.0,TX221200D5,16.0,21200.0,21086.0,2025-04-03,202504W2,17430,2025-04-09,43100
2025-04-03 04:31:00,C,100.0,TX221700D5,16.0,21700.0,21021.0,2025-04-03,202504W2,17430,2025-04-09,43100
2025-04-03 04:31:00,C,128.0,TX221600D5,17.0,21600.0,21043.0,2025-04-03,202504W2,17430,2025-04-09,43100
2025-04-03 04:31:00,C,134.0,TX221600D5,18.0,21600.0,21059.0,2025-04-03,202504W2,17430,2025-04-09,43100
2025-04-03 04:31:00,C,133.0,TX221600D5,18.0,21600.0,21012.0,2025-04-03,202504W2,17430,2025-04-09,43100
2025-04-03 04:32:00,C,130.0,TX221600D5,17.0,21600.0,21079.0,2025-04-03,202504W2,17430,2025-04-09,43200
2025-04-03 04:32:00,C,118.0,TX221600D5,17.0,21600.0,21173.0,2025-04-03,202504W2,17430,2025-04-09,43200
2025-04-03 04:32:00,C,118.0,TX221600D5,17.0,21600.0,21161.0,2025-04-03,202504W2,17430,2025-04-09,43200
2025-04-03 04:32:00,C,118.0,TX221600D5,17.0,21600.0,21161.0,2025-04-03,202504W2,17430,2025-04-09,43200
2025-04-03 04:32:00,C,115.0,TX221600D5,17.0,21600.0,21168.0,2025-04-03,202504W2,17430,2025-04-09,43200
2025-04-03 04:32:00,C,119.0,TX221600D5,17.0,21600.0,21085.0,2025-04-03,202504W2,17430,2025-04-09,43200
2025-04-03 04:32:00,C,118.0,TX221600D5,17.0,21600.0,21128.0,2025-04-03,202504W2,17430,2025-04-09,43200
2025-04-03 04:32:00,C,122.0,TX221600D5,17.0,21600.0,21129.0,2025-04-03,202504W2,17430,2025-04-09,43200
2025-04-03 04:32:00,C,120.0,TX221600D5,17.0,21600.0,21125.0,2025-04-03,202504W2,17430,2025-04-09,43200
2025-04-03 04:32:00,C,118.0,TX221600D5,17.0,21600.0,21126.0,2025-04-03,202504W2,17430,2025-04-09,43200
2025-04-03 04:32:00,C,122.0,TX221600D5,17.0,21600.0,21143.0,2025-04-03,202504W2,17430,2025-04-09,43200
2025-04-03 04:32:00,C,118.0,TX221600D5,17.0,21600.0,21143.0,2025-04-03,202504W2,17430,2025-04-09,43200
2025-04-03 04:32:00,C,103.0,TX221700D5,16.0,21700.0,21146.0,2025-04-03,202504W2,17430,2025-04-09,43200
2025-04-03 04:32:00,C,102.0,TX221700D5,16.0,21700.0,21147.0,2025-04-03,202504W2,17430,2025-04-09,43200
2025-04-03 04:32:00,C,102.0,TX221700D5,16.0,21700.0,21147.0,2025-04-03,202504W2,17430,2025-04-09,43200
2025-04-03 04:32:00,C,102.0,TX221700D5,16.0,21700.0,21148.0,2025-04-03,202504W2,17430,2025-04-09,43200
2025-04-03 04:32:00,C,102.0,TX221700D5,16.0,21700.0,21148.0,2025-04-03,202504W2,17430,2025-04-09,43200
2025-04-03 04:32:00,C,102.0,TX221700D5,16.0,21700.0,21149.0,2025-04-03,202504W2,17430,2025-04-09,43200
2025-04-03 04:34:00,C,130.0,TX221550D5,17.0,21550.0,21132.0,2025-04-03,202504W2,17430,2025-04-09,43400
2025-04-03 04:34:00,C,115.0,TX221600D5,17.0,21600.0,21134.0,2025-04-03,202504W2,17430,2025-04-09,43400
2025-04-03 04:34:00,C,115.0,TX221600D5,17.0,21600.0,21134.0,2025-04-03,202504W2,17430,2025-04-09,43400
2025-04-03 04:34:00,C,115.0,TX221600D5,17.0,21600.0,21134.0,2025-04-03,202504W2,17430,2025-04-09,43400
2025-04-03 04:34:00,C,115.0,TX221600D5,17.0,21600.0,21135.0,2025-04-03,202504W2,17430,2025-04-09,43400
2025-04-03 04:36:00,C,125.0,TX221550D5,17.0,21550.0,21069.0,2025-04-03,202504W2,17430,2025-04-09,43600
2025-04-03 04:36:00,C,96.0,TX221700D5,16.0,21700.0,21065.0,2025-04-03,202504W2,17430,2025-04-09,43600
2025-04-03 04:36:00,C,88.0,TX221700D5,15.0,21700.0,21063.0,2025-04-03,202504W2,17430,2025-04-09,43600
2025-04-03 04:36:00,C,120.0,TX221550D5,17.0,21550.0,21067.0,2025-04-03,202504W2,17430,2025-04-09,43600
2025-04-03 04:37:00,C,130.0,TX221500D5,17.0,21500.0,21070.0,2025-04-03,202504W2,17430,2025-04-09,43700
2025-04-03 04:37:00,C,115.0,TX221600D5,17.0,21600.0,21065.0,2025-04-03,202504W2,17430,2025-04-09,43700
2025-04-03 04:37:00,C,131.0,TX221500D5,18.0,21500.0,21066.0,2025-04-03,202504W2,17430,2025-04-09,43700
2025-04-03 04:37:00,C,101.0,TX221600D5,16.0,21600.0,21060.0,2025-04-03,202504W2,17430,2025-04-09,43700
2025-04-03 04:37:00,C,101.0,TX221600D5,16.0,21600.0,21060.0,2025-04-03,202504W2,17430,2025-04-09,43700
2025-04-03 04:37:00,C,60.0,TX221850D5,14.0,21850.0,21071.0,2025-04-03,202504W2,17430,2025-04-09,43700
2025-04-03 04:37:00,C,59.0,TX221850D5,14.0,21850.0,21071.0,2025-04-03,202504W2,17430,2025-04-09,43700
2025-04-03 04:37:00,C,130.0,TX221500D5,17.0,21500.0,21064.0,2025-04-03,202504W2,17430,2025-04-09,43700
2025-04-03 04:37:00,C,140.0,TX221500D5,18.0,21500.0,21058.0,2025-04-03,202504W2,17430,2025-04-09,43700
2025-04-03 04:37:00,C,102.0,TX221600D5,16.0,21600.0,21060.0,2025-04-03,202504W2,17430,2025-04-09,43700
2025-04-03 04:37:00,C,101.0,TX221600D5,16.0,21600.0,21058.0,2025-04-03,202504W2,17430,2025-04-09,43700
2025-04-03 04:37:00,C,125.0,TX221500D5,17.0,21500.0,21073.0,2025-04-03,202504W2,17430,2025-04-09,43700
2025-04-03 04:37:00,C,121.0,TX221500D5,17.0,21500.0,21075.0,2025-04-03,202504W2,17430,2025-04-09,43700
2025-04-03 04:38:00,C,101.0,TX221600D5,16.0,21600.0,21059.0,2025-04-03,202504W2,17430,2025-04-09,43800
2025-04-03 04:38:00,C,101.0,TX221600D5,16.0,21600.0,21060.0,2025-04-03,202504W2,17430,2025-04-09,43800
2025-04-03 04:38:00,C,101.0,TX221550D5,16.0,21550.0,21050.0,2025-04-03,202504W2,17430,2025-04-09,43800
2025-04-03 04:38:00,C,100.0,TX221600D5,16.0,21600.0,21051.0,2025-04-03,202504W2,17430,2025-04-09,43800
2025-04-03 04:38:00,C,53.0,TX221900D5,14.0,21900.0,21046.0,2025-04-03,202504W2,17430,2025-04-09,43800
2025-04-03 04:38:00,C,85.0,TX221750D5,15.0,21750.0,21007.0,2025-04-03,202504W2,17430,2025-04-09,43800
2025-04-03 04:38:00,C,85.0,TX221750D5,15.0,21750.0,21044.0,2025-04-03,202504W2,17430,2025-04-09,43800
2025-04-03 04:38:00,C,100.0,TX221550D5,16.0,21550.0,21044.0,2025-04-03,202504W2,17430,2025-04-09,43800
2025-04-03 04:38:00,C,100.0,TX221600D5,16.0,21600.0,21044.0,2025-04-03,202504W2,17430,2025-04-09,43800
2025-04-03 04:38:00,C,100.0,TX221600D5,16.0,21600.0,21039.0,2025-04-03,202504W2,17430,2025-04-09,43800
2025-04-03 04:40:00,C,68.0,TX221800D5,14.0,21800.0,21038.0,2025-04-03,202504W2,17430,2025-04-09,44000
2025-04-03 04:40:00,C,63.0,TX221800D5,14.0,21800.0,21042.0,2025-04-03,202504W2,17430,2025-04-09,44000
2025-04-03 04:41:00,C,95.0,TX221600D5,16.0,21600.0,20995.0,2025-04-03,202504W2,17430,2025-04-09,44100
2025-04-03 04:42:00,C,87.0,TX221600D5,15.0,21600.0,21009.0,2025-04-03,202504W2,17430,2025-04-09,44200
2025-04-03 04:42:00,C,89.0,TX221550D5,15.0,21550.0,21010.0,2025-04-03,202504W2,17430,2025-04-09,44200
2025-04-03 04:44:00,C,52.0,TX221800D5,14.0,21800.0,20961.0,2025-04-03,202504W2,17430,2025-04-09,44400
2025-04-03 04:44:00,C,68.0,TX221700D5,14.0,21700.0,20938.0,2025-04-03,202504W2,17430,2025-04-09,44400
2025-04-03 04:44:00,C,67.0,TX221600D5,14.0,21600.0,20922.0,2025-04-03,202504W2,17430,2025-04-09,44400
2025-04-03 04:45:00,C,58.0,TX221750D5,14.0,21750.0,20886.0,2025-04-03,202504W2,17430,2025-04-09,44500
2025-04-03 04:45:00,C,57.0,TX221750D5,14.0,21750.0,20868.0,2025-04-03,202504W2,17430,2025-04-09,44500
2025-04-03 04:45:00,C,52.0,TX221800D5,14.0,21800.0,20854.0,2025-04-03,202504W2,17430,2025-04-09,44500
2025-04-03 04:46:00,C,50.0,TX221550D5,13.0,21550.0,20899.0,2025-04-03,202504W2,17430,2025-04-09,44600
2025-04-03 04:48:00,P,110.0,TX220500P5,17.0,20500.0,20919.0,2025-04-03,202504W2,17430,2025-04-09,44800
2025-04-03 04:48:00,C,58.0,TX221600D5,14.0,21600.0,20904.0,2025-04-03,202504W2,17430,2025-04-09,44800
2025-04-03 04:48:00,C,55.0,TX221450D5,14.0,21450.0,20878.0,2025-04-03,202504W2,17430,2025-04-09,44800
2025-04-03 04:48:00,P,110.0,TX220500P5,17.0,20500.0,20883.0,2025-04-03,202504W2,17430,2025-04-09,44800
2025-04-03 04:48:00,C,51.0,TX221450D5,14.0,21450.0,20884.0,2025-04-03,202504W2,17430,2025-04-09,44800
2025-04-03 04:48:00,C,33.0,TX221450D5,13.0,21450.0,20868.0,2025-04-03,202504W2,17430,2025-04-09,44800
2025-04-03 04:49:00,C,62.0,TX221600D5,14.0,21600.0,20827.0,2025-04-03,202504W2,17430,2025-04-09,44900
2025-04-18 04:15:00,C,92.0,TX419900D5,16.0,19900.0,19322.0,2025-04-18,202504W4,19583,2025-04-23,41500
2025-04-22 04:51:00,C,5.2,TX419650D5,11.0,19650.0,18885.0,2025-04-22,202504W4,19583,2025-04-23,45100
